method,lambda,edf,loglik,runtime_sec
PIJCV,0.01831563888873418,6.71497920160484,-1553.435020326466,5.196986167
PIJCV10,0.01831563888873418,6.71497920160484,-1553.435020326466,5.192708709
EFS,0.049787068367863944,6.373055453581736,-1554.0863848026631,4.720786334
CV10,0.01831563888873418,6.71497920160484,-1553.435020326466,18.280870167
