{
  "true": {
    "ci_illness": [
      0.016066314613994402,
      0.038914945482808314,
      0.06470686647525063,
      0.09216717881226744,
      0.12056111723737278,
      0.14939515647522342,
      0.17831268624023275,
      0.2070457710284311,
      0.23538887907568504,
      0.26318290241980347,
      0.29030462051625144,
      0.31665931383850093,
      0.3421753327634396,
      0.3667999513431628,
      0.390496106542832,
      0.4132397728293402,
      0.43501780870187884,
      0.4558261643829076,
      0.4756683730622762,
      0.4945542696998013,
      0.512498895889115,
      0.5295215592693984,
      0.5456450230140402,
      0.5608948060045199,
      0.5752985780382113,
      0.5888856372279132,
      0.6016864589004006,
      0.6137323069755606,
      0.625054900134028,
      0.6356861261489343,
      0.6456577986299219,
      0.6550014511506687,
      0.6637481643382236,
      0.6719284220181072,
      0.679571992951798,
      0.6867078350868103,
      0.693364019574686,
      0.6995676721070969,
      0.7053449293812561,
      0.7107209087380548
    ],
    "prevalence_healthy": [
      0.9774731121189407,
      0.9464753340508343,
      0.9119484450678044,
      0.8754975690252079,
      0.8380388710159429,
      0.8001828577806288,
      0.7623673719236056,
      0.7249188622344471,
      0.688085662740683,
      0.6520581932544238,
      0.6169822546501335,
      0.5829683336731247,
      0.5500984332229802,
      0.51843127779897,
      0.48800639993128836,
      0.45884742416825997,
      0.430964755377498,
      0.4043578115086498,
      0.37901689899409136,
      0.3549248016261247,
      0.33205813541189866,
      0.31038850927751005,
      0.28988352258145,
      0.27050762396786693,
      0.2522228513529578,
      0.23498946927819225,
      0.21876651713881656,
      0.20351227967224128,
      0.18918468940765823,
      0.17574166942276898,
      0.1631414236456153,
      0.1513426810213304,
      0.1403048990929379,
      0.12998843189092127,
      0.12035466646480585,
      0.11136613190382709,
      0.10298658426937407,
      0.0951810704889089,
      0.08791597393126112,
      0.08115904409017377
    ],
    "prevalence_illness": [
      0.015815336507437026,
      0.037329840509967696,
      0.06012579763469847,
      0.08257199219274247,
      0.10373158596375144,
      0.12302840355464784,
      0.14011734628836,
      0.15481558743493185,
      0.1670588534163128,
      0.1768704717770286,
      0.18433801721996618,
      0.18959505589540768,
      0.19280662612209357,
      0.19415762865952887,
      0.19384357176079792,
      0.19206326505253965,
      0.1890131440470687,
      0.18488296334065235,
      0.179852635971958,
      0.17409002652112443,
      0.16774953023142192,
      0.16097129176835331,
      0.15388093624284613,
      0.1465897023402396,
      0.13919488306763267,
      0.1317804938770716,
      0.1244181007997987,
      0.11716775277688124,
      0.11007897263425351,
      0.10319177017563755,
      0.09653764871740322,
      0.09014058313931517,
      0.08401795325763466,
      0.07818142113176016,
      0.07263774488518206,
      0.0673895248489533,
      0.06243588041203375,
      0.05777305797464817,
      0.05339497192969998,
      0.049293681718448536
    ],
    "prevalence_death": [
      0.006711551373623817,
      0.016194825439199537,
      0.02792575729749835,
      0.041930438782051556,
      0.05822954302030641,
      0.07678873866472413,
      0.09751528178803588,
      0.12026555033062133,
      0.14485548384300337,
      0.17107133496854635,
      0.19867972812989865,
      0.22743661043146535,
      0.2570949406549243,
      0.28741109354149924,
      0.31815002830791184,
      0.34908931077919847,
      0.38002210057543107,
      0.41075922515069485,
      0.4411304650339478,
      0.47098517185274774,
      0.5001923343566758,
      0.5286401989541332,
      0.5562355411757008,
      0.5829026736918907,
      0.6085822655794065,
      0.6332300368447334,
      0.656815382061382,
      0.6793199675508751,
      0.7007363379580857,
      0.7210665604015909,
      0.7403209276369787,
      0.7585167358393519,
      0.7756771476494249,
      0.7918301469773161,
      0.8070075886500093,
      0.8212443432472172,
      0.8345775353185896,
      0.8470458715364406,
      0.8586890541390362,
      0.8695472741913751
    ],
    "ci_death_direct": [
      0.006460601382086096,
      0.014609760109047229,
      0.023344736232231024,
      0.03233530617262823,
      0.041400070693336385,
      0.05042204865197978,
      0.0593200079334184,
      0.06803543539379714,
      0.0765255288752386,
      0.0847589766101604,
      0.09271319833510053,
      0.10037242688627754,
      0.10772630903357706,
      0.11476884626522636,
      0.12149756912002597,
      0.127912878612433,
      0.13401751140155685,
      0.1398160993379999,
      0.14531480281948025,
      0.15052100311141206,
      0.1554430426284328,
      0.16009000481881594,
      0.16447152716257607,
      0.1685976421445057,
      0.1724786420601401,
      0.17612496426314325,
      0.17954709403837663,
      0.18275548273448652,
      0.18576047914675278,
      0.18857227242869895,
      0.19120084504632806,
      0.19365593448392152,
      0.19594700257396938,
      0.1980832114625602,
      0.20007340534036525,
      0.2019260971719448,
      0.2036494597453528,
      0.20525132044215763,
      0.20673915919677155,
      0.208120109174802
    ],
    "ci_death_total": [
      0.006711551373623817,
      0.016194825439199537,
      0.02792575729749835,
      0.041930438782051556,
      0.05822954302030641,
      0.07678873866472413,
      0.09751528178803588,
      0.12026555033062133,
      0.14485548384300337,
      0.17107133496854635,
      0.19867972812989865,
      0.22743661043146535,
      0.2570949406549243,
      0.28741109354149924,
      0.31815002830791184,
      0.34908931077919847,
      0.38002210057543107,
      0.41075922515069485,
      0.4411304650339478,
      0.47098517185274774,
      0.5001923343566758,
      0.5286401989541332,
      0.5562355411757008,
      0.5829026736918907,
      0.6085822655794065,
      0.6332300368447334,
      0.656815382061382,
      0.6793199675508751,
      0.7007363379580857,
      0.7210665604015909,
      0.7403209276369787,
      0.7585167358393519,
      0.7756771476494249,
      0.7918301469773161,
      0.8070075886500093,
      0.8212443432472172,
      0.8345775353185896,
      0.8470458715364406,
      0.8586890541390362,
      0.8695472741913751
    ]
  },
  "eval_times": [
    0.5,
    1.0,
    1.5,
    2.0,
    2.5,
    3.0,
    3.5,
    4.0,
    4.5,
    5.0,
    5.5,
    6.0,
    6.5,
    7.0,
    7.5,
    8.0,
    8.5,
    9.0,
    9.5,
    10.0,
    10.5,
    11.0,
    11.5,
    12.0,
    12.5,
    13.0,
    13.5,
    14.0,
    14.5,
    15.0,
    15.5,
    16.0,
    16.5,
    17.0,
    17.5,
    18.0,
    18.5,
    19.0,
    19.5,
    20.0
  ],
  "empirical": {
    "prevalence_healthy": [
      0.972,
      0.935,
      0.901,
      0.866,
      0.835,
      0.797,
      0.755,
      0.722,
      0.682,
      0.654,
      0.617,
      0.588,
      0.56,
      0.526,
      0.493,
      0.458,
      0.433,
      0.411,
      0.381,
      0.353,
      0.332,
      0.308,
      0.29,
      0.263,
      0.246,
      0.226,
      0.21,
      0.195,
      0.18,
      0.168,
      0.155,
      0.14,
      0.129,
      0.113,
      0.103,
      0.094,
      0.09,
      0.085,
      0.081,
      0.074
    ],