{
  "eval_times": [
    0.5,
    1.0,
    1.5,
    2.0,
    2.5,
    3.0,
    3.5,
    4.0,
    4.5,
    5.0,
    5.5,
    6.0,
    6.5,
    7.0,
    7.5,
    8.0,
    8.5,
    9.0,
    9.5,
    10.0,
    10.5,
    11.0,
    11.5,
    12.0,
    12.5,
    13.0,
    13.5,
    14.0,
    14.5,
    15.0,
    15.5,
    16.0,
    16.5,
    17.0,
    17.5,
    18.0,
    18.5,
    19.0,
    19.5,
    20.0
  ],
  "rmse": {
    "hazard_h12": 0.01357995477057164,
    "hazard_h13": 0.004293791535831096,
    "prev_healthy": 0.007900856300093372,
    "prev_illness": 0.016333677543167145,
    "hazard_h23": 0.1383167083460798,
    "prev_death": 0.02268702463384653
  },
  "hazards": {
    "h13_julia": [
      0.011271572451556924,
      0.01736708344780526,
      0.022593360071831766,
      0.02626127696427162,
      0.028574976025741446,
      0.029738634300544815,
      0.02995642883298533,
      0.029432536667366546,
      0.028371134847992065,
      0.026976400419165457,
      0.025452510425190308,
      0.0240036419103702,
      0.022833971919008707,
      0.022147677495409426,
      0.02210026890828412,
      0.022638383299973266,
      0.0236526326283608,
      0.025033628175586242,
      0.02667198122378905,
      0.028458303055108727,
      0.030283204951684763,
      0.03203729819565665,
      0.033611194069163866,
      0.03489550385434592,
      0.03578083883334228,
      0.03615781028829246,
      0.03595417906349363,
      0.03525162953734505,
      0.03417170565851132,
      0.032835951437865565,
      0.03136591088628088,
      0.029883128014630347,
      0.028509146833787066,
      0.027365511354624134,
      0.026573765588014643,
      0.026255453544831685,
      0.026532119235948372,
      0.02752530667223778,
      0.02908062798848928,
      0.029939967815157387
    ],
    "h13_true": [
      0.015669910139330234,
      0.018,
      0.019520491881558574,
      0.020676570389946625,
      0.02162023981166576,
      0.022423156913079306,
      0.023125232828221907,
      0.023751142393912093,
      0.024317280693371038,
      0.024835133906301862,
      0.02531308299097743,
      0.025757443459894593,
      0.026173100719817943,
      0.026563916908701933,
      0.026933001655299202,
      0.027282898197187162,
      0.02761571488544839,
      0.02793322033047647,
      0.028236913677648887,
      0.02852807746430004,
      0.02880781801992848,
      0.0290770967916392,
      0.029336754948233918,
      0.029587532931310057,
      0.029830086156059876,
      0.030064997742026582,
      0.03029278892704738,
      0.030513927655303832,
      0.03072883571272544,
      0.030937894696574614,
      0.031141451041820783,
      0.03133982027866046,
      0.03153329065891588,
      0.0317221262609817,
      0.03190656966129438,
      0.032086844243388056,
      0.032263156202316456,
      0.03243569629170855,
      0.032604641352350375,
      0.03277015565446944
    ],
    "h12_true": [
      0.04223712461052425,
      0.052000000000000005,
      0.05872604064375649,
      0.06401950949393566,
      0.06845187462538035,
      0.0723002368564273,
      0.07572229304749646,
      0.07881726145854072,
      0.08165205092661096,
      0.08427414302802366,
      0.08671857854611348,
      0.08901203268930469,
      0.0911753314178215,
      0.09322507805109187,
      0.09517474516695125,
      0.09703543111982799,
      0.09881639849292977,
      0.10052546633645168,
      0.10216930172765583,
      0.10375364037838175,
      0.10528345620472676,
      0.10676309351025992,
      0.10819637133362323,
      0.10958666676591253,
      0.1109369821676086,
      0.11224999990992217,
      0.11352812734244298,
      0.11477353402624553,
      0.11598818278911584,
      0.1171738558038181,
      0.11833217662493578,
      0.11946462891969166,
      0.12057257247570573,
      0.12165725695143549,
      0.12271983374412765,
      0.12376136627901495,
      0.12478283896746886,
      0.1257851650373546,
      0.12676919340330292,
      0.12773571471604223
    ],
    "h12_julia": [
      0.052771030057610815,
      0.05333257470873421,
      0.05468990108452047,
      0.05682262400965715,
      0.05961289311738101,
      0.06294285420636961,
      0.06669465307530059,
      0.07075043552285146,
      0.07499234734769986,
      0.07930253434852333,
      0.08356314232399949,
      0.0876563170728059,
      0.09146420439362013,
      0.09486895008511978,
      0.09778604471931737,
      0.10027409143259633,
      0.10243007985919282,
      0.10435100009633941,
      0.1061338422412687,
      0.1078755963912133,
      0.1096732526434058,
      0.11162380109507879,
      0.11382423184346484,
      0.1163715349857966,
      0.11936270061930665,
      0.12289471884122756,
      0.12699147060211513,
      0.13137392027483016,
      0.13568458987652982,
      0.1395660013019469,
      0.14266067644581448,
      0.14461113720286534,
      0.14505990546783243,
      0.14364950313544872,
      0.14002245210044706,
      0.13382127425756038,
      0.1246884915015216,
      0.11226662572706358,
      0.09804766925475236,
      0.09092149610848613
    ],
    "h23_true": [
      0.0848801277245823,
      0.11199999999999999,
      0.13172085052276342,
      0.14778488600656414,
      0.16158238946160788,
      0.17380670427852027,
      0.18486097548228667,
      0.19500332617833177,
      0.20441041887611708,
      0.21320924113617834,
      0.2214945774595939,
      0.2293393212408725,
      0.23680090908780943,
      0.2439255195420713,
      0.25075091590866405,
      0.2573084315193358,
      0.26362439310817937,
      0.2697211647514374,
      0.27561792880360314,
      0.2813312803290729,
      0.28687568659186236,
      0.2922638471512337,
      0.2975069795678563,
      0.3026150486286173,
      0.3075969521257129,
      0.3124606728195775,
      0.31721340379508695,
      0.32186165267515127,
      0.3264113288798861,
      0.33086781717503094,
      0.3352360400459677,
      0.3395205108983291,
      0.3437253796769235,
      0.3478544721789459,
      0.3519113240917144,
      0.3558992105924008,
      0.35982117219483933,
      0.36368003740719473,
      0.3674784426670505,
      0.3712188499420784
    ],
    "h23_julia": [
      0.06450044224317385,
      0.09800256789338813,
      0.12851476596213843,
      0.15233281013124075,
      0.17029394440499576,
      0.1832355914621261,
      0.19199517398135452,
      0.19741011464140357,
      0.20031783612099605,
      0.20155576109885454,
      0.20196131225370173,
      0.20237191226426027,
      0.2036249838092529,
      0.20655794956740228,
      0.21185979198321087,
      0.2195824022736694,
      0.22960678728132972,
      0.2418139517876321,
      0.25608490057401656,
      0.27230063842192326,
      0.29034217011279234,
      0.3100905004280641,
      0.3314266341491785,
      0.3542315760575759,
      0.37838633093469615,
      0.4037719035619797,
      0.4302004927220484,
      0.45719921005543285,
      0.4842213419033792,
      0.510720174491915,
      0.5361489940470683,
      0.5599610867948666,
      0.5816097389613378,
      0.6005482367725096,
      0.6162298664544097,
      0.628107914233066,
      0.6356356663345061,
      0.6382664089847576,
      0.6382664089847576,
      0.6382664089847576
    ]
  },