{
  "spline_coeffs": [
    0.033484032308208136,
    0.218348561938728,
    0.1459305938768967,
    0.2227748921989265,
    0.3091046939113275,
    0.3226715066892681,
    0.3985654512210033,
    0.679545210896481
  ],
  "rmse": 1.13875399775729,
  "natural_spline": true,
  "n_censored": 2,
  "knots": [
    0.0,
    1.095852404351888,
    2.2823217978576906,
    3.535654414967652,
    4.804452411509968,
    6.367401227158351,
    8.914598993919402,
    15.0
  ],
  "degree": 3,
  "n_events": 498,
  "interior_knots": [
    1.095852404351888,
    2.2823217978576906,
    3.535654414967652,
    4.804452411509968,
    6.367401227158351,
    8.914598993919402
  ]
}