{
  "eval_times": [
    0.5,
    1.1020408163265305,
    1.7040816326530612,
    2.306122448979592,
    2.9081632653061225,
    3.510204081632653,
    4.112244897959184,
    4.714285714285714,
    5.316326530612245,
    5.918367346938775,
    6.520408163265306,
    7.122448979591836,
    7.724489795918367,
    8.326530612244898,
    8.928571428571429,
    9.53061224489796,
    10.13265306122449,
    10.73469387755102,
    11.33673469387755,
    11.938775510204081,
    12.540816326530612,
    13.142857142857142,
    13.744897959183673,
    14.346938775510203,
    14.948979591836734,
    15.551020408163266,
    16.153061224489797,
    16.755102040816325,
    17.357142857142858,
    17.959183673469386,
    18.56122448979592,
    19.163265306122447,
    19.76530612244898,
    20.367346938775512,
    20.96938775510204,
    21.571428571428573,
    22.1734693877551,
    22.775510204081634,
    23.377551020408163,
    23.979591836734695,
    24.581632653061224,
    25.183673469387756,
    25.785714285714285,
    26.387755102040817,
    26.989795918367346,
    27.591836734693878,
    28.193877551020407,
    28.79591836734694,
    29.397959183673468,
    30.0
  ],
  "true_hazards": [
    0.021213203435596427,
    0.03149343955006943,
    0.03916214331963657,
    0.045557767768862785,
    0.05116001308419995,
    0.056206615922588576,
    0.0608360124281931,
    0.06513721780101712,
    0.06917148167815275,
    0.07298308442539886,
    0.07660526970736918,
    0.08006375010972602,
    0.08337889910718736,
    0.08656718518596067,
    0.08964214570007951,
    0.09261506907846132,
    0.09549548552210226,
    0.09829152806725469,
    0.10101020356622292,
    0.10365759962098135,
    0.10623904505349034,
    0.10875923606099588,
    0.11122233662023696,
    0.11363205928768158,
    0.11599173088049448,
    0.11830434635864795,
    0.12057261339973027,
    0.12279898955909488,
    0.12498571346929446,
    0.12713483120735422,
    0.1292482187142876,
    0.13132760096609625,
    0.13337456845367515,
    0.1353905914194113,
    0.13737703221278233,
    0.13933515606007593,
    0.14126614049013866,
    0.14317108361562914,
    0.14505101143517526,
    0.14690688429430807,
    0.14873960262067093,
    0.15055001203071683,
    0.15233890789008186,
    0.15410703939741602,
    0.15585511325115584,
    0.15758379695014488,
    0.15929372177182113,
    0.16098548546565383,
    0.16265965469441437,
    0.16431676725154984
  ],
  "true_shape": 1.5,
  "spline_coefficients": [
    0.01718531714367324,
    0.08364191486791663,
    0.058099308906590805,
    0.12081679495527237,
    0.09522294891999636,
    0.22591984571123222,
    0.14938555821003122
  ],
  "interior_knots": [
    0.6489072194840433,
    7.861680414613033,
    15.074453609742022,
    22.28722680487101,
    29.5
  ],
  "true_rate": 0.02
}