{
  "penalty_matrix": {
    "S": [
      [
        11.25,
        -12.75,
        1.5,
        0.0,
        0.0
      ],
      [
        -12.75,
        16.25,
        -4.25,
        0.75,
        0.0
      ],
      [
        1.5,
        -4.25,
        4.3125,
        -1.8958333333333333,
        0.3333333333333333
      ],
      [
        0.0,
        0.75,
        -1.8958333333333333,
        2.9236111111111107,
        -1.7777777777777777
      ],
      [
        0.0,
        0.0,
        0.3333333333333333,
        -1.7777777777777777,
        1.4444444444444446
      ]
    ],
    "dim": 5,
    "description": "Second-order difference penalty matrix (D'D)"
  },
  "config": {
    "n": 100,
    "knots_internal": [
      1.0,
      2.0,
      3.0
    ],
    "true_shape": 1.5,
    "n_basis": 5,
    "knots_boundary": [
      0.0,
      5.0
    ],
    "seed": 12345,
    "degree": 3,
    "max_time": 5.0,
    "true_rate": 0.3,
    "penalty_order": 2
  },
  "data": {
    "time": [
      0.845997100717185,
      3.344855163899777,
      2.3721225022890122,
      0.7858779281534604,
      0.8312585259101165,
      0.43395506903390285,
      2.473306321832973,
      0.9637026434962948,
      3.065152107088376,
      1.6122405237090727,
      0.6763877706313824,
      3.3028511014757362,
      0.487373320948187,
      2.624019813263014,
      0.879576172231207,
      2.4037515994641416,
      0.31246928997131074,
      4.323982573437639,
      4.246039399635325,
      0.20454334617303938,
      1.4705350115051392,
      1.4821889326256776,
      2.844314523258834,
      5.0,
      2.4907116152896616,
      0.5783936913134728,
      3.116243893399523,
      2.7599899616562187,
      1.6830974671299876,
      4.917721199748389,
      0.9601248168023123,
      2.7246092065929326,
      0.4226765163718433,
      1.162919521304515,
      5.0,
      2.0225508207157414,
      1.275316832126864,
      4.729808660612611,
      1.5427985665597217,
      1.2971970524559264,
      1.5044466511102994,
      1.8456614858305724,
      3.3207175069581383,
      1.1428531551722925,
      1.4649281948666473,
      1.3439869816572165,
      1.1805054084949875,
      1.6687510901947733,
      2.5558085737030836,
      1.2119316458733358,
      2.903799412666221,
      0.13579907970108276,
      3.3981008752748636,
      1.4514128425370054,
      4.691965649274582,
      2.093550921270255,
      0.47524140144158294,
      1.6219122335430336,
      2.327447609470794,
      1.854441777525278,
      4.339815934943859,
      1.3774834640704618,
      5.0,
      4.63624835307965,
      2.1293311105740615,
      4.4421539511426555,
      0.2998070116808456,
      0.7202889415415266,
      2.3813636724146963,
      2.3057482983864497,
      3.5226974422094335,
      1.6244437422180276,
      2.998582756741992,
      0.5489754029987889,
      3.1691295127659047,
      3.5316974575869255,
      0.9565676173300095,
      2.0419473594595687,
      3.8467013687262757,
      2.133461633532162,
      0.47435713125870455,
      2.0001113641081663,
      1.0555560237999955,
      2.593903132664004,
      0.12849484461714644,
      0.22446028890961764,
      0.7595727900182653,
      1.256661244983509,
      1.422770577249287,
      4.122531374081134,
      3.3043252373636114,
      3.3404600372003133,
      3.0280182149217745,
      1.457433615672277,
      2.4406352338040445,
      0.25137144117044674,
      1.3218886967686554,
      0.49795149159746177,
      1.8328013302655886,
      5.0
    ],
    "status": [
      1,
      1,
      1,
      1,
      1,
      1,
      1,
      1,
      1,
      1,
      1,
      1,
      1,
      1,
      1,
      1,
      1,
      1,
      1,
      1,
      1,
      1,
      1,
      0,
      1,
      1,
      1,
      1,
      1,
      1,
      1,
      1,
      1,
      1,
      0,
      1,
      1,
      1,
      1,
      1,
      1,
      1,
      1,
      1,
      1,
      1,
      1,
      1,
      1,
      1,
      1,
      1,
      1,
      1,
      1,
      1,
      1,
      1,
      1,
      1,
      1,
      1,
      0,
      1,
      1,
      1,
      1,
      1,
      1,
      1,
      1,
      1,
      1,
      1,
      1,
      1,
      1,
      1,
      1,
      1,
      1,
      1,
      1,
      1,
      1,
      1,
      1,
      1,
      1,
      1,
      1,
      1,
      1,
      1,
      1,
      1,
      1,
      1,
      1,
      0
    ]
  },
  "results": {
    "PIJCV": {
      "edf": 2.090416922773734,
      "lambda": 14.879731724872837,
      "log_lambda": 2.7,
      "coefficients": [
        -1.1334235559534565,
        -1.060791935300953,
        -0.7221492031719067,
        -0.2606379653370267,
        -0.11785568734784024
      ]
    },
    "PERF": {
      "edf": 1.990877415457403,
      "lambda": 20.085536923187668,
      "log_lambda": 3.0,
      "coefficients": [
        -1.1084027956956306,
        -1.04401234630843,
        -0.7295012027299179,
        -0.28150297491995413,
        -0.14223067780663337
      ]
    },
    "LOOCV": {
      "edf": 2.124456728042636,
      "lambda": 13.463738035001692,
      "log_lambda": 2.6,
      "coefficients": [
        -1.1413483515042093,
        -1.0657294069545915,
        -0.7191805325277973,
        -0.2549117340823105,
        -0.11137935397502291
      ]
    },
    "EFS": {
      "edf": 2.343506213751282,
      "lambda": 7.38905609893065,
      "log_lambda": 2.0,
      "coefficients": [
        -1.1859232693020878,
        -1.089015279326437,
        -0.6953610152168893,
        -0.23254270149918232,
        -0.08663664122210345
      ]
    },
    "GCV": {
      "edf": 1.7626637862577665,
      "lambda": 40.4473043600674,
      "log_lambda": 3.7,
      "coefficients": [
        -1.041581930887868,
        -0.9935865970938729,
        -0.7398600112119404,
        -0.35306676684938026,
        -0.23111099501705204
      ]
    }
  }
}