{
    "n_simulations": 0,
    "n_tests_passed": 0,
    "cumulative_incidence_true": {
    },
    "prevalence_true_upper": {
    },
    "estimated_params": {
        "p4": 0.651666048901731,
        "p5": 3.222380642539032,
        "p3": -0.25592788926844523,
        "p2": -0.9620642563412897,
        "p1": -23.545370327060137,
        "p6": 0.046219296197222856
    },
    "git_branch": "penalized_splines",
    "n_tests_failed": 0,
    "param_passed": {
        "p4": true,
        "p5": false,
        "p3": false,
        "p2": false,
        "p1": false,
        "p6": false
    },
    "test_description": "phasetype - panel - tvc",
    "ci_lower": {
        "p4": 0.560147876315842,
        "p5": 3.222380642539032,
        "p3": -0.29893805776928223,
        "p2": -0.9620642563412897,
        "p1": -23.545370327060137,
        "p6": 0.046219296197222856
    },
    "cumulative_incidence_true_lower": {
    },
    "prevalence_true": {
    },
    "passed": false,
    "ci_upper": {
        "p4": 0.74318422148762,
        "p5": 3.222380642539032,
        "p3": -0.21291772076760823,
        "p2": -0.9620642563412897,
        "p1": -23.545370327060137,
        "p6": 0.046219296197222856
    },
    "prevalence_observed": {
    },
    "prevalence_true_lower": {
    },
    "n_states": 2,
    "prevalence_fitted_upper": {
    },
    "fitting_time_seconds": 0,
    "n_subjects": 1000,
    "prevalence_times": [
    ],
    "cumulative_incidence_true_upper": {
    },
    "prevalence_fitted_lower": {
    },
    "hazard_family": "phasetype",
    "covariate_type": "tvc",
    "true_params": {
        "p4": 0.5,
        "p5": -0.6931471805599453,
        "p3": -1.3862943611198906,
        "p2": 0,
        "p1": -0.916290731874155,
        "p6": 0.4
    },
    "cumulative_incidence_fitted_lower": {
    },
    "git_commit": "6b59be0",
    "all_tests_passed": false,
    "data_summary": {
    },
    "test_name": "pt_panel_tvc",
    "data_type": "panel",
    "prevalence_fitted": {
    },
    "failure_messages": [
    ],
    "standard_errors": {
        "p4": 0.04669294519688213,
        "p5": 0,
        "p3": 0.021943963520835198,
        "p2": 0,
        "p1": 0,
        "p6": 0
    },
    "cumulative_incidence_fitted": {
    },
    "cumulative_incidence_fitted_upper": {
    },
    "timestamp": "2026-01-02T13:48:38.673",
    "cumulative_incidence_times": [
    ],
    "hazard_families": [
    ]
}