{
    "n_simulations": 1000,
    "n_tests_passed": 0,
    "cumulative_incidence_true": {
        "1→2": [
            0,
            0.122,
            0.264,
            0.375,
            0.485,
            0.57,
            0.652,
            0.716,
            0.782,
            0.828,
            0.88,
            0.912,
            0.932,
            0.952,
            0.962,
            0.969,
            0.977,
            0.983,
            0.987,
            0.99,
            0.99
        ]
    },
    "prevalence_true_upper": {
        "1": [
            1,
            0.8982853845317262,
            0.763321022059945,
            0.6550062493490939,
            0.545976372285986,
            0.4606851130028879,
            0.37752361213672875,
            0.31194935259357537,
            0.24359102580202677,
            0.19539028228987412,
            0.14014132468334692,
            0.10555879977675012,
            0.08360337276360467,
            0.061249368045306916,
            0.04985046537482811,
            0.041742337846111525,
            0.03229110292699419,
            0.025012301641850487,
            0.0200207955104817,
            0.01616699602724049,
            0.01616699602724049
        ],
        "2": [
            0,
            0.1422853845317263,
            0.291321022059945,
            0.4050062493490939,
            0.5159763722859859,
            0.6006851130028878,
            0.6815236121367289,
            0.7439493525935754,
            0.8075910258020268,
            0.8513902822898741,
            0.900141324683347,
            0.9295587997767502,
            0.9476033727636047,
            0.9652493680453069,
            0.9738504653748281,
            0.9797423378461115,
            0.9862911029269942,
            0.9910123016418505,
            0.9940207955104817,
            0.9961669960272405,
            0.9961669960272405
        ]
    },
    "estimated_params": {
        "nu1": 0.4594314471001014,
        "mu2": 0.9183751461134786,
        "beta": 0.7174795475832572
    },
    "git_branch": "",
    "n_tests_failed": 0,
    "param_passed": {
        "nu1": true,
        "mu2": true,
        "beta": true
    },
    "test_description": "pt - panel - tvc",
    "ci_lower": {
        "nu1": 0.19462874290820664,
        "mu2": -1.571091966124553,
        "beta": -1.4297155120405491
    },
    "cumulative_incidence_true_lower": {
        "1→2": [
            0,
            0.1017146154682737,
            0.23667897794005505,
            0.3449937506509061,
            0.454023627714014,
            0.539314886997112,
            0.6224763878632712,
            0.6880506474064245,
            0.7564089741979733,
            0.8046097177101258,
            0.859858675316653,
            0.8944412002232499,
            0.9163966272363954,
            0.938750631954693,
            0.9501495346251718,
            0.9582576621538884,
            0.9677088970730058,
            0.9749876983581495,
            0.9799792044895183,
            0.9838330039727595,
            0.9838330039727595
        ]
    },
    "prevalence_true": {
        "1": [
            1,
            0.878,
            0.736,
            0.625,
            0.515,
            0.43,
            0.348,
            0.284,
            0.218,
            0.172,
            0.12,
            0.088,
            0.068,
            0.048,
            0.038,
            0.031,
            0.023,
            0.017,
            0.013,
            0.01,
            0.01
        ],
        "2": [
            0,
            0.122,
            0.264,
            0.375,
            0.485,
            0.57,
            0.652,
            0.716,
            0.782,
            0.828,
            0.88,
            0.912,
            0.932,
            0.952,
            0.962,
            0.969,
            0.977,
            0.983,
            0.987,
            0.99,
            0.99
        ]
    },
    "passed": true,
    "ci_upper": {
        "nu1": 0.7242341512919962,
        "mu2": 3.4078422583515104,
        "beta": 2.8646746072070632
    },
    "prevalence_observed": {
    },
    "prevalence_true_lower": {
        "1": [
            1,
            0.8577146154682738,
            0.708678977940055,
            0.5949937506509061,
            0.484023627714014,
            0.3993148869971121,
            0.3184763878632712,
            0.2560506474064246,
            0.19240897419797323,
            0.14860971771012585,
            0.09985867531665307,
            0.07044120022324987,
            0.052396627236395335,
            0.034750631954693086,
            0.02614953462517189,
            0.020257662153888474,
            0.013708897073005811,
            0.008987698358149516,
            0.0059792044895183,
            0.003833003972759509,
            0.003833003972759509
        ],
        "2": [
            0,
            0.1017146154682737,
            0.23667897794005505,
            0.3449937506509061,
            0.454023627714014,
            0.539314886997112,
            0.6224763878632712,
            0.6880506474064245,
            0.7564089741979733,
            0.8046097177101258,
            0.859858675316653,
            0.8944412002232499,
            0.9163966272363954,
            0.938750631954693,
            0.9501495346251718,
            0.9582576621538884,
            0.9677088970730058,
            0.9749876983581495,
            0.9799792044895183,
            0.9838330039727595,
            0.9838330039727595
        ]
    },
    "n_states": 2,
    "cumulative_incidence_observed": {
    },
    "prevalence_fitted_upper": {
        "1": [
            1,
            0.9047731848724478,
            0.7671868321067388,
            0.64318851784371,
            0.545976372285986,
            0.4596762855378548,
            0.382620716831299,
            0.2840842640955962,
            0.22374565009047045,
            0.16894771208121703,
            0.13799545852437498,
            0.11317365015620143,
            0.08802124669306355,
            0.07025069620755421,
            0.05443264322660311,
            0.044072005130056616,
            0.03822511543211127,
            0.02988703856186075,
            0.02377702709266208,
            0.021282131995507908,
            0.01485348019557596
        ],
        "2": [
            0,
            0.13477318487244785,
            0.28718683210673873,
            0.4171885178437101,
            0.5159763722859859,
            0.6016762855378548,
            0.676620716831299,
            0.7700842640955962,
            0.8257456500904705,
            0.874947712081217,
            0.901995458524375,
            0.9231736501562015,
            0.9440212466930636,
            0.9582506962075542,
            0.970432643226603,
            0.9780720051300565,
            0.9822251154321112,
            0.9878870385618608,
            0.991777027092662,
            0.9932821319955079,
            0.996853480195576
        ]
    },
    "fitting_time_seconds": 0,
    "n_subjects": 1000,
    "prevalence_times": [
        0,
        0.5,
        1,
        1.5,
        2,
        2.5,
        3,
        3.5,
        4,
        4.5,
        5,
        5.5,
        6,
        6.5,
        7,
        7.5,
        8,
        8.5,
        9,
        9.5,
        10
    ],