{
    "n_simulations": 0,
    "n_tests_passed": 0,
    "cumulative_incidence_true": {
    },
    "prevalence_true_upper": {
    },
    "estimated_params": {
        "p4": 0.005707171309745233,
        "p5": -26.443655721876553,
        "p3": -25.897556016428393,
        "p2": 0.19346633340810623,
        "p1": -0.909705319879177,
        "p6": -0.0008301218920267639
    },
    "git_branch": "penalized_splines",
    "n_tests_failed": 0,
    "param_passed": {
        "p4": false,
        "p5": false,
        "p3": false,
        "p2": true,
        "p1": true,
        "p6": false
    },
    "test_description": "phasetype - panel - fixed",
    "ci_lower": {
        "p4": 0.005707171309745233,
        "p5": -26.443655721876553,
        "p3": -25.897556016428393,
        "p2": 0.06254726072825806,
        "p1": -1.0004738343013677,
        "p6": -0.0008301218920267639
    },
    "cumulative_incidence_true_lower": {
    },
    "prevalence_true": {
    },
    "passed": false,
    "ci_upper": {
        "p4": 0.005707171309745233,
        "p5": -26.443655721876553,
        "p3": -25.897556016428393,
        "p2": 0.3243854060879544,
        "p1": -0.8189368054569862,
        "p6": -0.0008301218920267639
    },
    "prevalence_observed": {
    },
    "prevalence_true_lower": {
    },
    "n_states": 2,
    "prevalence_fitted_upper": {
    },
    "fitting_time_seconds": 0,
    "n_subjects": 1000,
    "prevalence_times": [
    ],
    "cumulative_incidence_true_upper": {
    },
    "prevalence_fitted_lower": {
    },
    "hazard_family": "phasetype",
    "covariate_type": "fixed",
    "true_params": {
        "p4": 0.4,
        "p5": -0.6931471805599453,
        "p3": -1.3862943611198906,
        "p2": 0,
        "p1": -0.916290731874155,
        "p6": 0.3
    },
    "cumulative_incidence_fitted_lower": {
    },
    "git_commit": "6b59be0",
    "all_tests_passed": false,
    "data_summary": {
    },
    "test_name": "pt_panel_fixed",
    "data_type": "panel",
    "prevalence_fitted": {
    },
    "failure_messages": [
    ],
    "standard_errors": {
        "p4": 0,
        "p5": 0,
        "p3": 0,
        "p2": 0.06679544524482049,
        "p1": 0.046310466541934076,
        "p6": 0
    },
    "cumulative_incidence_fitted": {
    },
    "cumulative_incidence_fitted_upper": {
    },
    "timestamp": "2026-01-02T13:48:30.214",
    "cumulative_incidence_times": [
    ],
    "hazard_families": [
    ]
}