{
    "n_simulations": 0,
    "n_tests_passed": 0,
    "cumulative_incidence_true": {
    },
    "prevalence_true_upper": {
    },
    "estimated_params": {
        "p4": -0.9526875330729236,
        "p5": -1.2628144190301904,
        "p7": -1.2363172119528563,
        "p3": -1.0321574869404833,
        "p2": -1.2239764759025291,
        "p8": -1.0399759804306048,
        "p1": -0.6256693129863682,
        "p6": -1.5684384760007397
    },
    "git_branch": "penalized_splines",
    "n_tests_failed": 0,
    "param_passed": {
        "p4": true,
        "p5": true,
        "p7": true,
        "p3": true,
        "p2": true,
        "p8": true,
        "p1": true,
        "p6": true
    },
    "test_description": "phasetype - panel - none",
    "ci_lower": {
        "p4": -1.1908059125916735,
        "p5": -1.5421436468526395,
        "p7": -1.4195855326064637,
        "p3": -1.2344604952969456,
        "p2": -1.515990176812388,
        "p8": -1.2208567512567503,
        "p1": -0.8230753564591313,
        "p6": -1.7469355450844912
    },
    "cumulative_incidence_true_lower": {
    },
    "prevalence_true": {
    },
    "passed": true,
    "ci_upper": {
        "p4": -0.7145691535541737,
        "p5": -0.9834851912077414,
        "p7": -1.0530488912992488,
        "p3": -0.8298544785840211,
        "p2": -0.9319627749926702,
        "p8": -0.8590952096044593,
        "p1": -0.428263269513605,
        "p6": -1.3899414069169882
    },
    "prevalence_observed": {
    },
    "prevalence_true_lower": {
    },
    "n_states": 3,
    "prevalence_fitted_upper": {
    },
    "fitting_time_seconds": 0,
    "n_subjects": 1000,
    "prevalence_times": [
    ],
    "cumulative_incidence_true_upper": {
    },
    "prevalence_fitted_lower": {
    },
    "hazard_family": "phasetype",
    "covariate_type": "none",
    "true_params": {
        "p4": -0.916290731874155,
        "p5": -1.3862943611198906,
        "p7": -1.2039728043259361,
        "p3": -1.0498221244986778,
        "p2": -1.2039728043259361,
        "p8": -1.0498221244986778,
        "p1": -0.6931471805599453,
        "p6": -1.6094379124341003
    },
    "cumulative_incidence_fitted_lower": {
    },
    "git_commit": "6b59be0",
    "all_tests_passed": false,
    "data_summary": {
    },
    "test_name": "pt_panel_id",
    "data_type": "panel",
    "prevalence_fitted": {
    },
    "failure_messages": [
    ],
    "standard_errors": {
        "p4": 0.12148896914221935,
        "p5": 0.14251491215431078,
        "p7": 0.09350424523143237,
        "p3": 0.10321582059003173,
        "p2": 0.14898658209686683,
        "p8": 0.09228610756435998,
        "p1": 0.10071736911875673,
        "p6": 0.09106993320599566
    },
    "cumulative_incidence_fitted": {
    },
    "cumulative_incidence_fitted_upper": {
    },
    "timestamp": "2026-01-02T13:47:43.746",
    "cumulative_incidence_times": [
    ],
    "hazard_families": [
    ]
}