{
    "n_simulations": 1000,
    "n_tests_passed": 0,
    "cumulative_incidence_true": {
        "1→2": [
            0,
            0.152,
            0.303,
            0.422,
            0.527,
            0.622,
            0.69,
            0.754,
            0.803,
            0.843,
            0.876,
            0.903,
            0.923,
            0.95,
            0.957,
            0.961,
            0.969,
            0.976,
            0.983,
            0.989,
            0.99
        ]
    },
    "prevalence_true_upper": {
        "1": [
            1,
            0.8702523453505467,
            0.7254835276186079,
            0.6086109082779325,
            0.5039451041943632,
            0.40805364579547715,
            0.33866562819824464,
            0.2726937321182333,
            0.22165170471995801,
            0.17954860531385478,
            0.1444276762848837,
            0.11534365246072875,
            0.09352350911882824,
            0.06350836777704842,
            0.055573212859090546,
            0.0509991385690807,
            0.041742337846111525,
            0.03348607602752582,
            0.025012301641850487,
            0.01746473250800062,
            0.01616699602724049
        ],
        "2": [
            0,
            0.17425234535054676,
            0.3314835276186079,
            0.45261090827793254,
            0.5579451041943633,
            0.6520536457954771,
            0.7186656281982446,
            0.7806937321182333,
            0.8276517047199581,
            0.8655486053138548,
            0.8964276762848837,
            0.9213436524607288,
            0.9395235091188283,
            0.9635083677770484,
            0.9695732128590905,
            0.9729991385690807,
            0.9797423378461115,
            0.9854860760275258,
            0.9910123016418505,
            0.9954647325080006,
            0.9961669960272405
        ]
    },
    "estimated_params": {
        "nu1": 0.5707504687476701,
        "mu2": 0.5181101079776143,
        "beta": 0.3276406031767297
    },
    "git_branch": "",
    "n_tests_failed": 0,
    "param_passed": {
        "nu1": true,
        "mu2": true,
        "beta": true
    },
    "test_description": "pt - panel - fixed",
    "ci_lower": {
        "nu1": 0.2930164935850302,
        "mu2": 0.2346707055104541,
        "beta": -0.23236405104963842
    },
    "cumulative_incidence_true_lower": {
        "1→2": [
            0,
            0.12974765464945323,
            0.2745164723813921,
            0.39138909172206743,
            0.4960548958056367,
            0.5919463542045229,
            0.6613343718017552,
            0.7273062678817667,
            0.778348295280042,
            0.8204513946861451,
            0.8555723237151163,
            0.8846563475392712,
            0.9064764908811718,
            0.9364916322229515,
            0.9444267871409094,
            0.9490008614309192,
            0.9582576621538884,
            0.9665139239724742,
            0.9749876983581495,
            0.9825352674919994,
            0.9838330039727595
        ]
    },
    "prevalence_true": {
        "1": [
            1,
            0.848,
            0.697,
            0.578,
            0.473,
            0.378,
            0.31,
            0.246,
            0.197,
            0.157,
            0.124,
            0.097,
            0.077,
            0.05,
            0.043,
            0.039,
            0.031,
            0.024,
            0.017,
            0.011,
            0.01
        ],
        "2": [
            0,
            0.152,
            0.303,
            0.422,
            0.527,
            0.622,
            0.69,
            0.754,
            0.803,
            0.843,
            0.876,
            0.903,
            0.923,
            0.95,
            0.957,
            0.961,
            0.969,
            0.976,
            0.983,
            0.989,
            0.99
        ]
    },
    "passed": true,
    "ci_upper": {
        "nu1": 0.8484844439103101,
        "mu2": 0.8015495104447744,
        "beta": 0.8876452574030979
    },
    "prevalence_observed": {
    },
    "prevalence_true_lower": {
        "1": [
            1,
            0.8257476546494532,
            0.668516472381392,
            0.5473890917220674,
            0.44205489580563667,
            0.34794635420452286,
            0.28133437180175536,
            0.2193062678817667,
            0.172348295280042,
            0.13445139468614523,
            0.1035723237151163,
            0.07865634753927125,
            0.060476490881171754,
            0.036491632222951584,
            0.030426787140909448,
            0.0270008614309193,
            0.020257662153888474,
            0.014513923972474183,
            0.008987698358149516,
            0.004535267491999379,
            0.003833003972759509
        ],
        "2": [
            0,
            0.12974765464945323,
            0.2745164723813921,
            0.39138909172206743,
            0.4960548958056367,
            0.5919463542045229,
            0.6613343718017552,
            0.7273062678817667,
            0.778348295280042,
            0.8204513946861451,
            0.8555723237151163,
            0.8846563475392712,
            0.9064764908811718,
            0.9364916322229515,
            0.9444267871409094,
            0.9490008614309192,
            0.9582576621538884,
            0.9665139239724742,
            0.9749876983581495,
            0.9825352674919994,
            0.9838330039727595
        ]
    },
    "n_states": 2,
    "cumulative_incidence_observed": {
    },
    "prevalence_fitted_upper": {
        "1": [
            1,
            0.8513902822898741,
            0.7030532565885479,
            0.5828222697671668,
            0.47781572562183144,
            0.4009411411672969,
            0.32634867463568623,
            0.25088202078663874,
            0.20065607138981448,
            0.1625705992128174,
            0.13477318487244785,
            0.10555879977675012,
            0.08027983115089954,
            0.06463560040482266,
            0.05214567577370646,
            0.041742337846111525,
            0.02988703856186075,
            0.02624039571865332,
            0.0200207955104817,
            0.01616699602724049,
            0.012167490841791594
        ],
        "2": [
            0,
            0.19539028228987412,
            0.35505325658854786,
            0.47882226976716674,
            0.5838157256218315,
            0.6589411411672969,
            0.7303486746356862,
            0.8008820207866387,
            0.8466560713898145,
            0.8805705992128174,
            0.9047731848724478,
            0.9295587997767502,
            0.9502798311508995,
            0.9626356004048227,
            0.9721456757737065,
            0.9797423378461115,
            0.9878870385618608,
            0.9902403957186533,
            0.9940207955104817,
            0.9961669960272405,
            0.9981674908417916
        ]
    },
    "fitting_time_seconds": 0,
    "n_subjects": 1000,
    "prevalence_times": [
        0,
        0.5,
        1,
        1.5,
        2,
        2.5,
        3,
        3.5,
        4,
        4.5,
        5,
        5.5,
        6,
        6.5,
        7,
        7.5,
        8,
        8.5,
        9,
        9.5,
        10
    ],