{
    "n_simulations": 500,
    "n_tests_passed": 0,
    "cumulative_incidence_true": {
        "1→2": [
            0,
            0.101,
            0.259,
            0.4,
            0.524,
            0.625,
            0.707,
            0.765,
            0.822,
            0.874,
            0.902
        ]
    },
    "prevalence_true_upper": {
        "1": [
            1,
            0.9176765478180525,
            0.7681528273003015,
            0.6303641894342661,
            0.5069545996323648,
            0.4050062493490939,
            0.3212097728030553,
            0.26127971917658177,
            0.20170838555448262,
            0.14656823663807864,
            0.11642775280928198
        ],
        "2": [
            0,
            0.11967654781805247,
            0.28615282730030156,
            0.4303641894342662,
            0.5549545996323648,
            0.6550062493490939,
            0.7352097728030553,
            0.7912797191765818,
            0.8457083855544826,
            0.8945682366380786,
            0.920427752809282
        ]
    },
    "estimated_params": {
        "validation_type": 1
    },
    "git_branch": "",
    "n_tests_failed": 0,
    "param_passed": {
        "validation_type": true
    },
    "test_description": "Spline fixed - exact data",
    "ci_lower": {
    },
    "cumulative_incidence_true_lower": {
        "1→2": [
            0,
            0.08232345218194755,
            0.23184717269969848,
            0.36963581056573386,
            0.4930454003676352,
            0.5949937506509061,
            0.6787902271969446,
            0.7387202808234182,
            0.7982916144455173,
            0.8534317633619214,
            0.883572247190718
        ]
    },
    "prevalence_true": {
        "1": [
            1,
            0.899,
            0.741,
            0.6,
            0.476,
            0.375,
            0.293,
            0.235,
            0.178,
            0.126,
            0.098
        ],
        "2": [
            0,
            0.101,
            0.259,
            0.4,
            0.524,
            0.625,
            0.707,
            0.765,
            0.822,
            0.874,
            0.902
        ]
    },
    "passed": true,
    "ci_upper": {
    },
    "prevalence_observed": {
    },
    "prevalence_true_lower": {
        "1": [
            1,
            0.8803234521819475,
            0.7138471726996984,
            0.5696358105657339,
            0.4450454003676352,
            0.3449937506509061,
            0.26479022719694467,
            0.2087202808234182,
            0.15429161444551737,
            0.10543176336192137,
            0.07957224719071802
        ],
        "2": [
            0,
            0.08232345218194755,
            0.23184717269969848,
            0.36963581056573386,
            0.4930454003676352,
            0.5949937506509061,
            0.6787902271969446,
            0.7387202808234182,
            0.7982916144455173,
            0.8534317633619214,
            0.883572247190718
        ]
    },
    "n_states": 3,
    "cumulative_incidence_observed": {
    },
    "prevalence_fitted_upper": {
        "1": [
            1,
            0.8964276762848837,
            0.7555807589743284,
            0.6303641894342661,
            0.5139724034843923,
            0.4039901776987066,
            0.3067987844050779,
            0.2300216857945263,
            0.18166483863609004,
            0.1293931080541516,
            0.1000993572276855
        ],
        "2": [
            0,
            0.1444276762848837,
            0.29958075897432845,
            0.4303641894342662,
            0.5479724034843924,
            0.6559901776987066,
            0.7487987844050779,
            0.8200216857945264,
            0.86366483863609,
            0.9093931080541516,
            0.9340993572276856
        ]
    },
    "fitting_time_seconds": 0,
    "n_subjects": 1000,
    "prevalence_times": [
        0,
        1,
        2,
        3,
        4,
        5,
        6,
        7,
        8,
        9,
        10
    ],
    "cumulative_incidence_true_upper": {
        "1→2": [
            0,
            0.11967654781805247,
            0.28615282730030156,
            0.4303641894342662,
            0.5549545996323648,
            0.6550062493490939,
            0.7352097728030553,
            0.7912797191765818,
            0.8457083855544826,
            0.8945682366380786,
            0.920427752809282
        ]
    },
    "prevalence_fitted_lower": {
        "1": [
            1,
            0.8555723237151163,
            0.7004192410256715,
            0.5696358105657339,
            0.45202759651560764,
            0.3440098223012934,
            0.25120121559492214,
            0.17997831420547367,
            0.13633516136390997,
            0.0906068919458484,
            0.06590064277231451
        ],
        "2": [
            0,
            0.1035723237151163,
            0.24441924102567156,
            0.36963581056573386,
            0.4860275965156077,
            0.5960098223012934,
            0.6932012155949221,
            0.7699783142054737,
            0.8183351613639099,
            0.8706068919458484,
            0.8999006427723145
        ]
    },
    "hazard_family": "sp",
    "covariate_type": "fixed",
    "true_params": {
        "validation_type": 1
    },
    "cumulative_incidence_fitted_lower": {
        "1→2": [
            0,
            0.1035723237151163,
            0.24441924102567156,
            0.36963581056573386,
            0.4860275965156077,
            0.5960098223012934,
            0.6932012155949221,
            0.7699783142054737,
            0.8183351613639099,
            0.8706068919458484,
            0.8999006427723145
        ]
    },
    "git_commit": "",
    "all_tests_passed": false,
    "data_summary": {
        "n_subjects": 1000,
        "max_time": 15,
        "n_transitions": 979
    },
    "test_name": "sp_aft_exact_tfc",
    "data_type": "exact",
    "prevalence_fitted": {
        "1": [
            1,
            0.876,
            0.728,
            0.6,
            0.483,
            0.374,
            0.279,
            0.205,
            0.159,
            0.11,
            0.083
        ],
        "2": [
            0,
            0.124,
            0.272,
            0.4,
            0.517,
            0.626,
            0.721,
            0.795,
            0.841,
            0.89,
            0.917
        ]
    },
    "failure_messages": [
    ],
    "standard_errors": {
    },
    "cumulative_incidence_fitted": {
        "1→2": [
            0,
            0.124,
            0.272,
            0.4,
            0.517,
            0.626,
            0.721,
            0.795,
            0.841,
            0.89,
            0.917
        ]
    },
    "cumulative_incidence_fitted_upper": {
        "1→2": [
            0,
            0.1444276762848837,
            0.29958075897432845,
            0.4303641894342662,
            0.5479724034843924,
            0.6559901776987066,
            0.7487987844050779,
            0.8200216857945264,
            0.86366483863609,
            0.9093931080541516,
            0.9340993572276856
        ]
    },
    "timestamp": "2026-01-26T15:22:26.120",
    "cumulative_incidence_times": [
        0,
        1,
        2,
        3,
        4,
        5,
        6,
        7,
        8,
        9,
        10
    ],
    "hazard_families": [
    ]
}