{
    "n_simulations": 500,
    "n_tests_passed": 0,
    "cumulative_incidence_true": {
        "1→2": [
            0,
            0.174,
            0.399,
            0.59,
            0.73,
            0.831,
            0.896,
            0.935,
            0.957,
            0.972,
            0.979
        ]
    },
    "prevalence_true_upper": {
        "1": [
            1,
            0.8494974491892204,
            0.6313514717666211,
            0.44048414407524017,
            0.29751689226638794,
            0.19222736451687966,
            0.12292024456501553,
            0.08027983115089954,
            0.055573212859090546,
            0.03822511543211127,
            0.02988703856186075
        ],
        "2": [
            0,
            0.1974974491892205,
            0.42935147176662114,
            0.6204841440752401,
            0.757516892266388,
            0.8542273645168796,
            0.9149202445650155,
            0.9502798311508995,
            0.9695732128590905,
            0.9822251154321112,
            0.9878870385618608
        ]
    },
    "estimated_params": {
        "validation_type": 1
    },
    "git_branch": "",
    "n_tests_failed": 0,
    "param_passed": {
        "validation_type": true
    },
    "test_description": "Spline fixed - exact data",
    "ci_lower": {
    },
    "cumulative_incidence_true_lower": {
        "1→2": [
            0,
            0.15050255081077948,
            0.3686485282333789,
            0.5595158559247598,
            0.702483107733612,
            0.8077726354831203,
            0.8770797554349845,
            0.9197201688491006,
            0.9444267871409094,
            0.9617748845678887,
            0.9701129614381392
        ]
    },
    "prevalence_true": {
        "1": [
            1,
            0.826,
            0.601,
            0.41,
            0.27,
            0.169,
            0.104,
            0.065,
            0.043,
            0.028,
            0.021
        ],
        "2": [
            0,
            0.174,
            0.399,
            0.59,
            0.73,
            0.831,
            0.896,
            0.935,
            0.957,
            0.972,
            0.979
        ]
    },
    "passed": true,
    "ci_upper": {
    },
    "prevalence_observed": {
    },
    "prevalence_true_lower": {
        "1": [
            1,
            0.8025025508107795,
            0.5706485282333789,
            0.3795158559247598,
            0.2424831077336121,
            0.14577263548312036,
            0.08507975543498446,
            0.04972016884910046,
            0.030426787140909448,
            0.017774884567888734,
            0.01211296143813925
        ],
        "2": [
            0,
            0.15050255081077948,
            0.3686485282333789,
            0.5595158559247598,
            0.702483107733612,
            0.8077726354831203,
            0.8770797554349845,
            0.9197201688491006,
            0.9444267871409094,
            0.9617748845678887,
            0.9701129614381392
        ]
    },
    "n_states": 3,
    "cumulative_incidence_observed": {
    },
    "prevalence_fitted_upper": {
        "1": [
            1,
            0.8142892413172085,
            0.6135603536890527,
            0.43846119987131166,
            0.2737301894044917,
            0.18483681785188122,
            0.11967654781805247,
            0.0736041703085112,
            0.042908593016516845,
            0.025012301641850487,
            0.01485348019557596
        ],
        "2": [
            0,
            0.23628924131720838,
            0.4475603536890527,
            0.6224611998713117,
            0.7797301894044917,
            0.8608368178518812,
            0.9176765478180525,
            0.9556041703085112,
            0.9789085930165168,
            0.9910123016418505,
            0.996853480195576
        ]
    },
    "fitting_time_seconds": 0,
    "n_subjects": 1000,
    "prevalence_times": [
        0,
        1,
        2,
        3,
        4,
        5,
        6,
        7,
        8,
        9,
        10
    ],
    "cumulative_incidence_true_upper": {
        "1→2": [
            0,
            0.1974974491892205,
            0.42935147176662114,
            0.6204841440752401,
            0.757516892266388,
            0.8542273645168796,
            0.9149202445650155,
            0.9502798311508995,
            0.9695732128590905,
            0.9822251154321112,
            0.9878870385618608
        ]
    },
    "prevalence_fitted_lower": {
        "1": [
            1,
            0.7637107586827916,
            0.5524396463109472,
            0.3775388001286883,
            0.22026981059550832,
            0.1391631821481188,
            0.08232345218194755,
            0.0443958296914888,
            0.021091406983483156,
            0.008987698358149516,
            0.0031465198044240373
        ],
        "2": [
            0,
            0.1857107586827916,
            0.38643964631094724,
            0.5615388001286883,
            0.7262698105955083,
            0.8151631821481188,
            0.8803234521819475,
            0.9263958296914887,
            0.9570914069834832,
            0.9749876983581495,
            0.985146519804424
        ]
    },
    "hazard_family": "sp",
    "covariate_type": "fixed",
    "true_params": {
        "validation_type": 1
    },
    "cumulative_incidence_fitted_lower": {
        "1→2": [
            0,
            0.1857107586827916,
            0.38643964631094724,
            0.5615388001286883,
            0.7262698105955083,
            0.8151631821481188,
            0.8803234521819475,
            0.9263958296914887,
            0.9570914069834832,
            0.9749876983581495,
            0.985146519804424
        ]
    },
    "git_commit": "",
    "all_tests_passed": false,
    "data_summary": {
        "n_subjects": 1000,
        "max_time": 14.78324565672633,
        "n_transitions": 1000
    },
    "test_name": "sp_exact_tfc",
    "data_type": "exact",
    "prevalence_fitted": {
        "1": [
            1,
            0.789,
            0.583,
            0.408,
            0.247,
            0.162,
            0.101,
            0.059,
            0.032,
            0.017,
            0.009
        ],
        "2": [
            0,
            0.211,
            0.417,
            0.592,
            0.753,
            0.838,
            0.899,
            0.941,
            0.968,
            0.983,
            0.991
        ]
    },
    "failure_messages": [
    ],
    "standard_errors": {
    },
    "cumulative_incidence_fitted": {
        "1→2": [
            0,
            0.211,
            0.417,
            0.592,
            0.753,
            0.838,
            0.899,
            0.941,
            0.968,
            0.983,
            0.991
        ]
    },
    "cumulative_incidence_fitted_upper": {
        "1→2": [
            0,
            0.23628924131720838,
            0.4475603536890527,
            0.6224611998713117,
            0.7797301894044917,
            0.8608368178518812,
            0.9176765478180525,
            0.9556041703085112,
            0.9789085930165168,
            0.9910123016418505,
            0.996853480195576
        ]
    },
    "timestamp": "2026-01-26T15:22:20.393",
    "cumulative_incidence_times": [
        0,
        1,
        2,
        3,
        4,
        5,
        6,
        7,
        8,
        9,
        10
    ],
    "hazard_families": [
    ]
}