{
    "n_simulations": 500,
    "n_tests_passed": 0,
    "cumulative_incidence_true": {
        "1→2": [
            0,
            0.145,
            0.333,
            0.504,
            0.637,
            0.746,
            0.834,
            0.897,
            0.931,
            0.963,
            0.977
        ]
    },
    "prevalence_true_upper": {
        "1": [
            1,
            0.8768234360264373,
            0.6962106421976649,
            0.5269893293635083,
            0.39280431192965204,
            0.28098002472941785,
            0.18906179677301838,
            0.12183956649182777,
            0.08470925021762657,
            0.048699574761503085,
            0.03229110292699419
        ],
        "2": [
            0,
            0.16682343602643726,
            0.3622106421976649,
            0.5349893293635083,
            0.6668043119296521,
            0.7729800247294178,
            0.8570617967730183,
            0.9158395664918277,
            0.9467092502176266,
            0.974699574761503,
            0.9862911029269942
        ]
    },
    "estimated_params": {
        "validation_type": 1
    },
    "git_branch": "",
    "n_tests_failed": 0,
    "param_passed": {
        "validation_type": true
    },
    "test_description": "Spline baseline - exact data",
    "ci_lower": {
    },
    "cumulative_incidence_true_lower": {
        "1→2": [
            0,
            0.12317656397356272,
            0.3037893578023351,
            0.47301067063649166,
            0.607195688070348,
            0.7190199752705821,
            0.8109382032269816,
            0.8781604335081723,
            0.9152907497823735,
            0.9513004252384969,
            0.9677088970730058
        ]
    },
    "prevalence_true": {
        "1": [
            1,
            0.855,
            0.667,
            0.496,
            0.363,
            0.254,
            0.166,
            0.103,
            0.069,
            0.037,
            0.023
        ],
        "2": [
            0,
            0.145,
            0.333,
            0.504,
            0.637,
            0.746,
            0.834,
            0.897,
            0.931,
            0.963,
            0.977
        ]
    },
    "passed": true,
    "ci_upper": {
    },
    "prevalence_observed": {
    },
    "prevalence_true_lower": {
        "1": [
            1,
            0.8331765639735627,
            0.6377893578023351,
            0.46501067063649165,
            0.33319568807034794,
            0.22701997527058213,
            0.14293820322698164,
            0.08416043350817222,
            0.05329074978237345,
            0.02530042523849691,
            0.013708897073005811
        ],
        "2": [
            0,
            0.12317656397356272,
            0.3037893578023351,
            0.47301067063649166,
            0.607195688070348,
            0.7190199752705821,
            0.8109382032269816,
            0.8781604335081723,
            0.9152907497823735,
            0.9513004252384969,
            0.9677088970730058
        ]
    },
    "n_states": 3,
    "cumulative_incidence_observed": {
    },
    "prevalence_fitted_upper": {
        "1": [
            1,
            0.862722478738025,
            0.6864229230634892,
            0.545976372285986,
            0.41008456348362066,
            0.28511863819589767,
            0.1901172839581124,
            0.1390686198429289,
            0.08470925021762657,
            0.0509991385690807,
            0.03586329956961665
        ],
        "2": [
            0,
            0.18272247873802505,
            0.3724229230634891,
            0.5159763722859859,
            0.6500845634836206,
            0.7691186381958977,
            0.8561172839581124,
            0.901068619842929,
            0.9467092502176266,
            0.9729991385690807,
            0.9838632995696166
        ]
    },
    "fitting_time_seconds": 0,
    "n_subjects": 1000,
    "prevalence_times": [
        0,
        1,
        2,
        3,
        4,
        5,
        6,
        7,
        8,
        9,
        10
    ],
    "cumulative_incidence_true_upper": {
        "1→2": [
            0,
            0.16682343602643726,
            0.3622106421976649,
            0.5349893293635083,
            0.6668043119296521,
            0.7729800247294178,
            0.8570617967730183,
            0.9158395664918277,
            0.9467092502176266,
            0.974699574761503,
            0.9862911029269942
        ]
    },
    "prevalence_fitted_lower": {
        "1": [
            1,
            0.817277521261975,
            0.6275770769365109,
            0.484023627714014,
            0.34991543651637935,
            0.23088136180410235,
            0.14388271604188763,
            0.09893138015707109,
            0.05329074978237345,
            0.0270008614309193,
            0.01613670043038335
        ],
        "2": [
            0,
            0.13727752126197496,
            0.31357707693651093,
            0.454023627714014,
            0.5899154365163793,
            0.7148813618041023,
            0.8098827160418876,
            0.860931380157071,
            0.9152907497823735,
            0.9490008614309192,
            0.9641367004303834
        ]
    },
    "hazard_family": "sp",
    "covariate_type": "nocov",
    "true_params": {
        "validation_type": 1
    },
    "cumulative_incidence_fitted_lower": {
        "1→2": [
            0,
            0.13727752126197496,
            0.31357707693651093,
            0.454023627714014,
            0.5899154365163793,
            0.7148813618041023,
            0.8098827160418876,
            0.860931380157071,
            0.9152907497823735,
            0.9490008614309192,
            0.9641367004303834
        ]
    },
    "git_commit": "",
    "all_tests_passed": false,
    "data_summary": {
        "n_subjects": 1000,
        "max_time": 14.985886101559828,
        "n_transitions": 1000
    },
    "test_name": "sp_exact_nocov",
    "data_type": "exact",
    "prevalence_fitted": {
        "1": [
            1,
            0.84,
            0.657,
            0.515,
            0.38,
            0.258,
            0.167,
            0.119,
            0.069,
            0.039,
            0.026
        ],
        "2": [
            0,
            0.16,
            0.343,
            0.485,
            0.62,
            0.742,
            0.833,
            0.881,
            0.931,
            0.961,
            0.974
        ]
    },
    "failure_messages": [
    ],
    "standard_errors": {
    },
    "cumulative_incidence_fitted": {
        "1→2": [
            0,
            0.16,
            0.343,
            0.485,
            0.62,
            0.742,
            0.833,
            0.881,
            0.931,
            0.961,
            0.974
        ]
    },
    "cumulative_incidence_fitted_upper": {
        "1→2": [
            0,
            0.18272247873802505,
            0.3724229230634891,
            0.5159763722859859,
            0.6500845634836206,
            0.7691186381958977,
            0.8561172839581124,
            0.901068619842929,
            0.9467092502176266,
            0.9729991385690807,
            0.9838632995696166
        ]
    },
    "timestamp": "2026-01-26T15:22:05.320",
    "cumulative_incidence_times": [
        0,
        1,
        2,
        3,
        4,
        5,
        6,
        7,
        8,
        9,
        10
    ],
    "hazard_families": [
    ]
}