{
    "n_simulations": 500,
    "n_tests_passed": 0,
    "cumulative_incidence_true": {
        "1→2": [
            0,
            0.146,
            0.322,
            0.497,
            0.645,
            0.754,
            0.884,
            0.945,
            0.971,
            0.985,
            0.993
        ]
    },
    "prevalence_true_upper": {
        "1": [
            1,
            0.8758857500305564,
            0.7069600197789988,
            0.5339897632388504,
            0.3846585630130659,
            0.2726937321182333,
            0.13584774622973603,
            0.06913036305266075,
            0.03940075066521643,
            0.022533899388762768,
            0.012167490841791594
        ],
        "2": [
            0,
            0.1678857500305564,
            0.35096001977899877,
            0.5279897632388504,
            0.6746585630130659,
            0.7806937321182333,
            0.9038477462297361,
            0.9591303630526608,
            0.9814007506652164,
            0.9925338993887628,
            0.9981674908417916
        ]
    },
    "estimated_params": {
        "validation_type": 1
    },
    "git_branch": "",
    "n_tests_failed": 0,
    "param_passed": {
        "validation_type": true
    },
    "test_description": "Spline tvc - exact data",
    "ci_lower": {
    },
    "cumulative_incidence_true_lower": {
        "1→2": [
            0,
            0.12411424996944358,
            0.29303998022100125,
            0.46601023676114967,
            0.6153414369869341,
            0.7273062678817667,
            0.864152253770264,
            0.9308696369473392,
            0.9605992493347836,
            0.9774661006112372,
            0.9878325091582084
        ]
    },
    "prevalence_true": {
        "1": [
            1,
            0.854,
            0.678,
            0.503,
            0.355,
            0.246,
            0.116,
            0.055,
            0.029,
            0.015,
            0.007
        ],
        "2": [
            0,
            0.146,
            0.322,
            0.497,
            0.645,
            0.754,
            0.884,
            0.945,
            0.971,
            0.985,
            0.993
        ]
    },
    "passed": true,
    "ci_upper": {
    },
    "prevalence_observed": {
    },
    "prevalence_true_lower": {
        "1": [
            1,
            0.8321142499694436,
            0.6490399802210013,
            0.47201023676114967,
            0.3253414369869341,
            0.2193062678817667,
            0.096152253770264,
            0.04086963694733925,
            0.018599249334783574,
            0.007466100611237232,
            0.001832509158208406
        ],
        "2": [
            0,
            0.12411424996944358,
            0.29303998022100125,
            0.46601023676114967,
            0.6153414369869341,
            0.7273062678817667,
            0.864152253770264,
            0.9308696369473392,
            0.9605992493347836,
            0.9774661006112372,
            0.9878325091582084
        ]
    },
    "n_states": 3,
    "cumulative_incidence_observed": {
    },
    "prevalence_fitted_upper": {
        "1": [
            1,
            0.86366483863609,
            0.6903397662976378,
            0.5369880896862004,
            0.3856772738370626,
            0.24463324837783929,
            0.15724625535006112,
            0.09462144715721227,
            0.05784884274944635,
            0.03229110292699419,
            0.021282131995507908
        ],
        "2": [
            0,
            0.18166483863609004,
            0.36833976629763776,
            0.5249880896862004,
            0.6736772738370627,
            0.8066332483778393,
            0.8852462553500611,
            0.9386214471572123,
            0.9678488427494463,
            0.9862911029269942,
            0.9932821319955079
        ]
    },
    "fitting_time_seconds": 0,
    "n_subjects": 1000,
    "prevalence_times": [
        0,
        1,
        2,
        3,
        4,
        5,
        6,
        7,
        8,
        9,
        10
    ],
    "cumulative_incidence_true_upper": {
        "1→2": [
            0,
            0.1678857500305564,
            0.35096001977899877,
            0.5279897632388504,
            0.6746585630130659,
            0.7806937321182333,
            0.9038477462297361,
            0.9591303630526608,
            0.9814007506652164,
            0.9925338993887628,
            0.9981674908417916
        ]
    },
    "prevalence_fitted_lower": {
        "1": [
            1,
            0.8183351613639099,
            0.6316602337023622,
            0.4750119103137996,
            0.3263227261629374,
            0.19336675162216072,
            0.11475374464993891,
            0.061378552842787724,
            0.03215115725055365,
            0.013708897073005811,
            0.006717868004492091
        ],
        "2": [
            0,
            0.13633516136390997,
            0.3096602337023623,
            0.46301191031379957,
            0.6143227261629374,
            0.7553667516221607,
            0.8427537446499389,
            0.9053785528427878,
            0.9421511572505537,
            0.9677088970730058,
            0.9787178680044921
        ]
    },
    "hazard_family": "sp",
    "covariate_type": "tvc",
    "true_params": {
        "validation_type": 1
    },
    "cumulative_incidence_fitted_lower": {
        "1→2": [
            0,
            0.13633516136390997,
            0.3096602337023623,
            0.46301191031379957,
            0.6143227261629374,
            0.7553667516221607,
            0.8427537446499389,
            0.9053785528427878,
            0.9421511572505537,
            0.9677088970730058,
            0.9787178680044921
        ]
    },
    "git_commit": "",
    "all_tests_passed": false,
    "data_summary": {
        "n_subjects": 1000,
        "max_time": 12.492520731683143,
        "n_transitions": 1000
    },
    "test_name": "sp_exact_tvc",
    "data_type": "exact",
    "prevalence_fitted": {
        "1": [
            1,
            0.841,
            0.661,
            0.506,
            0.356,
            0.219,
            0.136,
            0.078,
            0.045,
            0.023,
            0.014
        ],
        "2": [
            0,
            0.159,
            0.339,
            0.494,
            0.644,
            0.781,
            0.864,
            0.922,
            0.955,
            0.977,
            0.986
        ]
    },
    "failure_messages": [
    ],
    "standard_errors": {
    },
    "cumulative_incidence_fitted": {
        "1→2": [
            0,
            0.159,
            0.339,
            0.494,
            0.644,
            0.781,
            0.864,
            0.922,
            0.955,
            0.977,
            0.986
        ]
    },
    "cumulative_incidence_fitted_upper": {
        "1→2": [
            0,
            0.18166483863609004,
            0.36833976629763776,
            0.5249880896862004,
            0.6736772738370627,
            0.8066332483778393,
            0.8852462553500611,
            0.9386214471572123,
            0.9678488427494463,
            0.9862911029269942,
            0.9932821319955079
        ]
    },
    "timestamp": "2026-01-26T15:22:22.301",
    "cumulative_incidence_times": [
        0,
        1,
        2,
        3,
        4,
        5,
        6,
        7,
        8,
        9,
        10
    ],
    "hazard_families": [
    ]
}