{
  "rmse": {
    "h23": 0.3451066629978498,
    "h12": 0.20630537395357063,
    "h13": 0.031288144652984975
  },
  "time_seconds": 3.3547279834747314,
  "n_outer_iter": 2,
  "criterion": 680.1737106734341,
  "lambda": [
    984592.9551816739,
    984579.8015360967,
    984578.1652958121
  ],
  "converged": true,
  "hazards": {
    "h23": [
      0.655316384781563,
      0.6553165535955945,
      0.6553168356676351,
      0.6553172315829486,
      0.6553177419267983,
      0.6553183672844469,
      0.6553191082411585,
      0.6553199653821956,
      0.6553209392928221,
      0.655322030558301,
      0.6553232382723728,
      0.6553245555626881,
      0.6553259740653739,
      0.6553274854165578,
      0.6553290812523673,
      0.6553307532089299,
      0.6553324929223729,
      0.655334292028824,
      0.6553361421644103,
      0.6553380349652597,
      0.6553399620218623,
      0.6553419147421613,
      0.6553438844884627,
      0.6553458626230725,
      0.6553478405082964,
      0.655349809506441,
      0.6553517609798116,
      0.6553536862907147,
      0.6553555768014561,
      0.6553574238743419,
      0.6553592194060422,
      0.6553609574306848,
      0.655362632516761,
      0.6553642392327625,
      0.6553657721471813,
      0.6553672258285087,
      0.6553685948452367,
      0.6553698737658566,
      0.6553710571588606,
      0.6553721395927399,
      0.6553731163498618,
      0.6553739855680945,
      0.6553747460991819,
      0.6553753967948673,
      0.6553759365068947,
      0.655376364087008,
      0.6553766783869504,
      0.6553768782584658,
      0.655376962553298,
      0.6553769654744804
    ],
    "h12": [
      0.316509593440054,
      0.3165098569960999,
      0.31651028838462675,
      0.3165108811652759,
      0.3165116288976883,
      0.31651252514150524,
      0.31651356345636805,
      0.31651473740191777,
      0.31651604053779564,
      0.31651746642364287,
      0.31651900812033,
      0.3165206566936454,
      0.31652240271060655,
      0.31652423673823105,
      0.31652614934353673,
      0.31652813109354105,
      0.3165301725552617,
      0.3165322642957163,
      0.3165343968819223,
      0.31653656088089765,
      0.3165387471291624,
      0.3165409475412476,
      0.31654315430118657,
      0.3165453595930131,
      0.3165475556007606,
      0.31654973450846263,
      0.31655188850015276,
      0.31655400975986453,
      0.31655609047163147,
      0.31655812281948725,
      0.3165600995117054,
      0.31656201535352024,
      0.3165638656744065,
      0.3165656458038383,
      0.3165673510712904,
      0.3165689768062372,
      0.3165705183381532,
      0.3165719709965128,
      0.31657333011079064,
      0.31657459101046104,
      0.31657574919880416,
      0.31657680087432216,
      0.3165777424093228,
      0.3165785701761139,
      0.31657928054700324,
      0.31657986989429865,
      0.3165803345903079,
      0.3165806710073388,
      0.316580875517699,
      0.3165809444936964
    ],
    "h13": [
      0.13890645942520444,
      0.13890648530575678,
      0.13890652814588952,
      0.13890658770495817,
      0.1389066637423181,
      0.13890675601732477,
      0.13890686428933366,
      0.13890698831770015,
      0.13890712786177975,
      0.1389072826809278,
      0.13890745244291455,
      0.138907636449169,
      0.13890783390953493,
      0.13890804403385604,
      0.13890826603197615,
      0.1389084991137389,
      0.1389087424889882,
      0.1389089953675677,
      0.1389092569593212,
      0.1389095264740924,
      0.1389098030650867,
      0.13891008565895546,
      0.13891037312571175,
      0.13891066433536856,
      0.1389109581579389,
      0.13891125346343583,
      0.13891154912187229,
      0.13891184400326131,
      0.13891213697761598,
      0.1389124269149492,
      0.13891271269432318,
      0.1389129932309965,
      0.138913267449277,
      0.13891353427347242,
      0.1389137926278905,
      0.13891404143683897,
      0.1389142796246257,
      0.1389145061155583,
      0.13891471983394466,
      0.13891491970409253,
      0.13891510468509757,
      0.13891527387520733,
      0.13891542640745722,
      0.13891556141488273,
      0.1389156780305193,
      0.1389157753874024,
      0.13891585261856748,
      0.13891590885704994,
      0.1389159432358853,
      0.138915954888109
    ]
  },
  "beta": [
    -1.150402008917177,
    -1.1503829772107492,
    -1.1503176851650687,
    -1.150245454013307,
    -1.1501909740043224,
    -1.1501763213008052,
    -1.9739545886524357,
    -1.9739504033817117,
    -1.973933302263615,
    -1.9739110666372834,
    -1.973891831181237,
    -1.973886169813329,
    -0.4226372154380683,
    -0.4226315140102033,
    -0.4226049649150464,
    -0.4225731825205898,
    -0.42254996392113375,
    -0.4225446890865286
  ]
}