{
  "edf": 14.725710550253526,
  "loglik": -654.4276856848855,
  "time_seconds": 28.565366983413696,
  "rmse": {
    "h23": 0.35470535398210773,
    "h12": 0.12967620091458434,
    "h13": 0.08818028622585515
  },
  "lambda": [
    0.23851031935679057,
    38.385800507610405,
    0.303978514830191
  ],
  "converged": true,
  "hazards": {
    "h23": [
      0.8383735608102578,
      0.7304156996499833,
      0.6403411923864935,
      0.5674291869679529,
      0.5109588313425255,
      0.47020927345837515,
      0.4444596612636661,
      0.43298914270656236,
      0.4350768657352281,
      0.45000197829782707,
      0.47673603445968077,
      0.5130202127547381,
      0.5562880978341056,
      0.6039732743488893,
      0.6535093269501955,
      0.7023298402891306,
      0.7478683990168007,
      0.7875585877843121,
      0.818833991242771,
      0.8391281940432838,
      0.846684106349998,
      0.8429819403792254,
      0.8303112338603199,
      0.8109615245226349,
      0.7872223500955232,
      0.7613832483083389,
      0.7357337568904352,
      0.7125634135711655,
      0.6941617560798831,
      0.6828183221459416,
      0.6800657796560913,
      0.6844093171266705,
      0.6935972532314145,
      0.7053779066440584,
      0.7174995960383377,
      0.7277106400879876,
      0.733759357466743,
      0.7333940668483396,
      0.7243630869065125,
      0.704414736314997,
      0.6721987743556324,
      0.6299707227426738,
      0.5808875437984817,
      0.5281061998454147,
      0.4747836532058335,
      0.424076866202097,
      0.3791428011565645,
      0.3431384203915964,
      0.31922068622955163,
      0.3105465609927902
    ],
    "h12": [
      0.07486163227982467,
      0.11712540179858077,
      0.1504334424514706,
      0.1760781223385445,
      0.19535180955985249,
      0.20954687221544488,
      0.21995567840537184,
      0.22787059622968353,
      0.2345839937884302,
      0.24138823918166197,
      0.2493754679483747,
      0.2588368853833466,
      0.2698634642203016,
      0.28254617719296343,
      0.29697599703505606,
      0.3132438964803034,
      0.33144084826242903,
      0.3516578251151571,
      0.37398579977221136,
      0.3985157449673157,
      0.4251351568656415,
      0.4529176253581504,
      0.48073326376725145,
      0.5074521854153542,
      0.5319445036248676,
      0.5530803317182007,
      0.5697297830177631,
      0.5807629708459636,
      0.5850500085252117,
      0.5814610093779163,
      0.569509917033225,
      0.5512859963472386,
      0.5295223424827961,
      0.5069520506027364,
      0.4863082158698985,
      0.4703239334471214,
      0.4617322984972442,
      0.46326640618310566,
      0.47765935166754503,
      0.5076442301134012,
      0.554758813630073,
      0.6157595821131994,
      0.6862076924049785,
      0.76166430134761,
      0.8376905657832909,
      0.909847642554221,
      0.973696688502599,
      1.0247988604706229,
      1.0587153153004916,
      1.0710072098344037
    ],
    "h13": [
      0.08869049442777005,
      0.0897987469417906,
      0.09087763576625049,
      0.09193025690547138,
      0.09295970636377483,
      0.09396908014548246,
      0.09496147425491581,
      0.09593998469639653,
      0.09690770747424621,
      0.09786773859278639,
      0.09882554090244969,
      0.09979604463811258,
      0.10079654688076262,
      0.10184434471138726,
      0.10295673521097401,
      0.10415101546051037,
      0.10544448254098383,
      0.10685443353338189,
      0.10839816551869207,
      0.11009297557790182,
      0.11192963498890643,
      0.11379281181723212,
      0.11554064832531291,
      0.11703128677558279,
      0.11812286943047579,
      0.11867353855242588,
      0.11854143640386709,
      0.11758470524723338,
      0.11566148734495879,
      0.11262992495947732,
      0.10840502515897085,
      0.103129254234613,
      0.09700194328332526,
      0.09022242340202904,
      0.0829900256876459,
      0.07550408123709729,
      0.06796392114730472,
      0.06056887651518969,
      0.053518278437673636,
      0.04701145801167808,
      0.04121031581936041,
      0.0361270303838215,
      0.03173634971339828,
      0.028013021816427508,
      0.024931794701246075,
      0.02246741637619079,
      0.02059463484959847,
      0.01928819812980598,
      0.01852285422515014,
      0.018273351143967786
    ]
  },
  "beta": [
    0.022349765795152205,
    0.21590544690953245,
    0.2183346402727398,
    0.36030002377108383,
    0.731559734446819,
    0.20222709470913786,
    1.0710072098344037,
    0.08754978221986733,
    0.09140969574081523,
    0.09794433284258433,
    0.10728672299645028,
    0.13346662863902545,
    0.03462631220431181,
    0.018273351143967786,
    0.9649356279191534,
    0.5112541142508712,
    0.24805968692953517,
    1.0649217941572826,
    0.5270223007010376,
    0.9238989359142168,
    0.3105465609927902
  ]
}